wt_aa,amino_acid_position,A,C,D,E,F,G,H,I,K,L,M,N,P,Q,R,S,T,V,W,Y
K,59,,,D,,,,,,,,M,N,,,R,,,,,
V,81,,,,,,,,I,,,,,,,,,,,,
V,83,,,,,F,,,I,,,,,,,,,,,,
L,87,,,,,,,,I,,,M,,,,,,,,,
A,89,,,,,,,,,,,M,,,,,,,,,
S,92,,,,,,G,,,,,,,,,,,,,,
E,94,,,,,,,,,,,,,,Q,,,,,,
L,117,A,,,,,,,,,,,,,,,,,,W,
Y,120,,,,,F,,,,,,,,,,,,,,W,
S,122,,,,E,,,,,,,,,,,,,,,,
E,141,,,,,,,,I,,,,,,,,,T,,,
F,159,,,,,,,,,,,,,,,,,T,,,
A,160,,,,,,,,,,,,,,,,,,V,,
V,163,,,,,,,,,,,M,,,,,,,,,
V,164,,,,,,,,,K,L,,N,,,,S,,,,
N,167,,,,,,,,,,,,,,Q,,,,V,,